"id","dimension","factor","evidencia_con_cifra","fuente_institucional_publicacion_anio","fuente_url","efecto_especifico","tipo","intensidad_1_5","horizonte","decision_que_obliga"
"O1","Político","Despliegue de 5G y compromisos de concesión","Bitel y otros tres operadores firmaron contratos 5G. MTC informó compromisos sectoriales agregados: US$502.9 millones de inversión mínima, 1,731 localidades rurales 4G, 2,230 km de carreteras y 1,164 instituciones 5G al cierre de 2026. No se imputan íntegramente a Bitel.","MTC. Firma de contratos para despliegue 5G. 2025.","https://www.gob.pe/institucion/mtc/noticias/1315061-mtc-peru-da-un-paso-historico-con-la-firma-de-contratos-para-el-despliegue-de-la-tecnologia-5g","La expansión abre conectividad y exige cumplir solo los hitos del contrato específico de Bitel.","O","4","2026-2029","Obtener el anexo contractual de Bitel, identificar localidades, obligaciones, hitos y presupuesto propios, y revisar avance trimestral."
"A1","Económico","Competencia y posición por líneas móviles activas","En II trim. 2026 hubo 39.64 millones de líneas: Claro 33.39%, Bitel 24.68%, Entel 22.72% y Movistar 18.95%. Bitel ocupó el segundo lugar.","OSIPTEL. Participación de operadores en líneas móviles, II trim. 2026.","https://www.osiptel.gob.pe/portal-del-usuario/noticias/osiptel-sin-considerar-lima-y-callao-las-regiones-concentran-el-62-14-de-las-lineas-moviles-en-el-peru/","La competencia presiona retención, calidad percibida, costos y diferenciación.","A","4","Continuo","Definir una propuesta de valor diferenciada con métricas de cobertura y experiencia; monitorear retención y calidad con datos internos."
"A2","Económico","Variación del tipo de cambio en adquisiciones tecnológicas","BCRP PN01210PM (Bancario - Promedio): S/ 3.35675 por USD en ene. 2026, S/ 3.44677 en mar. (+2.68%) y S/ 3.36385 en ago. La exposición de Bitel a compras en divisas no se infiere.","BCRP. Tipo de cambio nominal, serie PN01210PM. Datos 2026.","https://estadisticas.bcrp.gob.pe/estadisticas/series/mensuales/tipo-de-cambio-nominal","Equipos, licencias o capacidad tecnológica cotizados en moneda extranjera pueden variar de costo.","A","3","Continuo","Inventariar compras TI en divisas, vigencia de cotizaciones y escenarios presupuestarios antes de aprobar adquisiciones."
"O2","Social","Brecha de uso de Internet por lengua materna","En I trim. 2026 usó Internet el 63.5% de la población de 6+ años con lengua indígena u originaria y el 85.7% con lengua castellana. Indicador nacional, no de clientes Bitel.","INEI. Estadísticas TIC en los hogares, I trim. 2026.","https://www.inei.gob.pe/media/MenuRecursivo/boletines/boletin_tic_itrim2026.pdf","Los canales digitales requieren considerar conectividad, idioma y accesibilidad; la cifra sirve como contexto, no como atributo de clientes Bitel.","O","3","12-24 meses","Investigar necesidades por región y lengua con privacidad y pilotear contenidos accesibles antes de escalar."
"O3","Tecnológico","Crecimiento del tráfico de datos y transición a 5G","En II trim. 2026 el uso promedio fue 25.06 GB mensuales por smartphone, +21.11% interanual y +143.50% frente a 2021. Bitel alcanzó 25.15% del tráfico móvil (+1.53 pp interanuales).","OSIPTEL. Tráfico de Internet móvil, II trim. 2026.","https://www.osiptel.gob.pe/portal-del-usuario/noticias/osiptel-el-84-del-trafico-de-internet-movil-ya-se-concentra-en-planes-pospago-y-control/","La demanda crea oportunidad digital y exige capacidad, disponibilidad y buena experiencia de red.","O","5","12-36 meses","Actualizar proyecciones de demanda por zona, probar capacidad y disponibilidad antes de lanzar servicios o ampliar cobertura 5G."
"A3","Ecológico/Ético","Gestión de RAEE y destrucción segura de datos","El D.S. 009-2019-MINAM regula la gestión RAEE; art. 26.2 responsabiliza al generador por destruir los datos de medios de almacenamiento antes de entregar los equipos.","MINAM. D.S. 009-2019-MINAM. 2019.","https://www.gob.pe/institucion/minam/normas-legales/354138-009-2019-minam","La renovación y baja de infraestructura requiere trazabilidad ambiental y borrado seguro.","A","3","Continuo","Mantener inventario, evidencia de borrado, cadena de custodia y constancias de entrega a gestores autorizados."
"A4","Legal","Protección de datos personales y privacidad","El D.S. 016-2024-JUS aprobó el nuevo Reglamento de la Ley 29733, vigente desde 31-03-2025. Bitel publica una política de privacidad; la publicación no verifica controles internos.","ANPD. Reglamento de Protección de Datos Personales. 2024-2025; Bitel. Política de privacidad.","https://www.gob.pe/institucion/anpd/campa%C3%B1as/128319-nuevo-reglamento-de-proteccion-de-datos-personales | https://bitel.com.pe/legal/politica-de-proteccion-de-datos-y-privacidad-de-bitel","La personalización y atención digital requieren base legal, transparencia, seguridad y gestión de preferencias y solicitudes.","A","5","Inmediato y continuo","Revisar tratamientos, consentimientos, roles, conservación, controles de acceso y respuesta a solicitudes con el responsable competente."
"A5","Social","Expectativas de atención y resolución","En el ranking OSIPTEL II sem. 2025 solo Claro y Bitel superaron el nivel esperado. Bitel obtuvo 15.0 puntos; componentes publicados: 12.3 en capacidad de respuesta y 13.9 en efectividad/oportunidad.","OSIPTEL. Ranking de atención, II sem. 2025.","https://www.osiptel.gob.pe/portal-del-usuario/noticias/te-atienden-bien-las-empresas-de-telecomunicaciones-solo-dos-operadores-superan-el-nivel-esperado-seg%C3%BAn-ranking-del-osiptel/","El resultado favorable permite mejorar, mientras diferencias entre dimensiones mantienen presión por respuesta y solución efectivas.","A","3","12 meses y continuo","Desagregar indicadores de atención por canal y motivo, fijar metas de respuesta y solución, y medir periódicamente."


