id,tipo,factores_cruzados,estrategia,objetivo,proyecto_candidato,peso_factores,bono,puntaje
E-10,DA,D1 + A1,"Traducir misión amplia en una propuesta de valor diferenciada sustentada en cobertura, precio, calidad y experiencia contrastables frente a competidores.",Dar criterios claros para priorizar inversiones y competir con atributos verificables.,Revisión de propuesta de valor y portafolio,0.28,1.35,0.378
E-04,FA,F1 + A1,Formular una oferta diferenciada basada en calidad comprobable por zona y medir su relación con retención y reclamos.,Fortalecer posición con atributos de servicio demostrables.,"Analítica de experiencia, calidad y retención",0.31,1.2,0.372
E-11,DA,D2 + A4,"Definir metas y responsables verificables de privacidad para servicios digitales, solicitudes de titulares, conservación y gestión de incidentes.",Alinear dirección digital con obligaciones de privacidad medibles.,Indicadores y gobierno de privacidad,0.25,1.35,0.3375
E-05,FA,F4 + A4,"Incorporar privacidad desde el diseño en canales y servicios 5G: inventariar datos, documentar propósito y consentimiento, limitar accesos y revisar retención.",Reducir exposición regulatoria en el crecimiento digital.,Gobernanza de privacidad para servicios digitales,0.26,1.2,0.312
E-06,FA,F3 + A5,Mantener el nivel OSIPTEL y enfocar la mejora en respuesta y resolución oportuna mediante seguimiento por canal y causa.,Elevar consistencia y efectividad de atención.,Tablero de respuesta y solución de reclamos,0.25,1.2,0.3
E-01,FO,F2 + O1,"Aprovechar cobertura 4G publicada y contratos 5G para planificar despliegues por localidad, ligados a obligaciones específicas de Bitel e indicadores de cobertura y calidad.",Cumplir hitos de expansión y ampliar conectividad donde la brecha sea mayor.,Mapa y seguimiento de compromisos de despliegue 5G,0.29000000000000004,1.0,0.29
E-07,DO,D2 + O1,Convertir la visión sin horizonte público en hoja de ruta 2026-2030 con hitos y responsabilidades ligadas a obligaciones contractuales verificadas de Bitel.,Vincular aspiración institucional y compromisos medibles.,Hoja de ruta de conectividad 2026-2030,0.25,1.1,0.275
E-02,FO,F4 + O3,Relacionar oferta 5G con proyección de tráfico por zona y probar capacidad y disponibilidad antes de escalar servicios digitales.,Alinear crecimiento de servicios con capacidad y experiencia.,Pronóstico de demanda y observabilidad de red,0.26,1.0,0.26
E-03,FO,F2 + O2,Diseñar piloto de autogestión móvil con contenidos accesibles y opciones de idioma priorizadas mediante investigación regional; no asumir que la cifra nacional representa clientes Bitel.,Mejorar accesibilidad en zonas y grupos prioritarios.,Piloto de atención digital accesible y multilingüe,0.24,1.0,0.24
E-08,DO,D4 + O3,"Levantar línea base de disponibilidad, uso y capacidad por zona/servicio y definir metas escalonadas con pruebas antes de nuevos productos.",Convertir crecimiento de tráfico en decisiones de capacidad medibles.,Línea base y planificación de capacidad digital,0.21000000000000002,1.1,0.231
E-12,DA,D5 + A3,"Implantar trazabilidad del ciclo de vida de equipos: inventario, borrado seguro, cadena de custodia y constancia de entrega RAEE.",Acreditar gestión ambiental y destrucción segura de datos al dar de baja activos.,Trazabilidad de activos TI y RAEE,0.15000000000000002,1.35,0.2025
E-09,DO,D3 + O2,"Medir accesibilidad y uso de canales por región, idioma y conectividad; probar mejoras con usuarios y datos agregados no identificables.",Cerrar brechas de evidencia para servicios inclusivos.,Estudio de accesibilidad regional y lingüística,0.18,1.1,0.198

